sample,arm,translation_m,rotation_rad
PRE_PUSH,left,1.8021368295390777e-07,3.764676559009428e-05
PRE_PUSH,right,5.853956155418419e-07,8.224415187345234e-05
INSERT_10,left,5.469968644824096e-07,7.124099098308463e-05
INSERT_10,right,4.708159842029193e-07,6.985643939268678e-05
INSERT_30,left,1.4278472492316837e-07,5.022377274590245e-05
INSERT_30,right,1.888488755828478e-07,4.34950648246307e-05
INSERT_50,left,4.704923977433395e-07,8.560183343316343e-05
INSERT_50,right,3.1893386172642635e-07,5.590257802199426e-05
INSERT_70,left,3.753190303505159e-07,7.060311801640596e-05
INSERT_70,right,1.6518927199404572e-07,5.101056185413961e-05
INSERT_100,left,2.1340848932311223e-07,8.149168699476715e-05
INSERT_100,right,3.124272325797558e-07,5.7539376921623334e-05
