sample,joint,position_rad,lower_rad,upper_rad,margin_rad
PRE_PUSH,left_fr3_joint1,0.49486499991616845,-2.9007000000000001,2.9007000000000001,2.4058350000838318
PRE_PUSH,left_fr3_joint2,-0.37785314891551114,-1.8361000000000001,1.8361000000000001,1.458246851084489
PRE_PUSH,left_fr3_joint3,0.74159817923385851,-2.9007000000000001,2.9007000000000001,2.1591018207661414
PRE_PUSH,left_fr3_joint4,-2.6274821052742054,-3.077,-0.1169,0.44951789472579451
PRE_PUSH,left_fr3_joint5,0.34475949539371986,-2.8763000000000001,2.8763000000000001,2.53154050460628
PRE_PUSH,left_fr3_joint6,2.3124769309837978,0.43980000000000002,4.6215999999999999,1.8726769309837978
PRE_PUSH,left_fr3_joint7,0.96218959740993015,-3.0508000000000002,3.0508000000000002,2.0886104025900698
PRE_PUSH,right_fr3_joint1,-0.27297089202573749,-2.9007000000000001,2.9007000000000001,2.6277291079742624
PRE_PUSH,right_fr3_joint2,-0.47850891395184447,-1.8361000000000001,1.8361000000000001,1.3575910860481555
PRE_PUSH,right_fr3_joint3,-0.96342881108308531,-2.9007000000000001,2.9007000000000001,1.9372711889169147
PRE_PUSH,right_fr3_joint4,-2.6142369044798865,-3.077,-0.1169,0.46276309552011341
PRE_PUSH,right_fr3_joint5,-0.5113593909080687,-2.8763000000000001,2.8763000000000001,2.3649406090919314
PRE_PUSH,right_fr3_joint6,2.2585922766404591,0.43980000000000002,4.6215999999999999,1.8187922766404592
PRE_PUSH,right_fr3_joint7,-0.83729346731332377,-3.0508000000000002,3.0508000000000002,2.2135065326866763
INSERT_10,left_fr3_joint1,0.44145625462468457,-2.9007000000000001,2.9007000000000001,2.4592437453753155
INSERT_10,left_fr3_joint2,-0.32597299656851719,-1.8361000000000001,1.8361000000000001,1.5101270034314829
INSERT_10,left_fr3_joint3,0.72094683488656341,-2.9007000000000001,2.9007000000000001,2.1797531651134365
INSERT_10,left_fr3_joint4,-2.5950598866154584,-3.077,-0.1169,0.48194011338454157
INSERT_10,left_fr3_joint5,0.29411359041418406,-2.8763000000000001,2.8763000000000001,2.582186409585816
INSERT_10,left_fr3_joint6,2.3244692302451835,0.43980000000000002,4.6215999999999999,1.8846692302451835
INSERT_10,left_fr3_joint7,0.93129926210549019,-3.0508000000000002,3.0508000000000002,2.1195007378945099
INSERT_10,right_fr3_joint1,-0.20146309061798096,-2.9007000000000001,2.9007000000000001,2.699236909382019
INSERT_10,right_fr3_joint2,-0.41989308106796125,-1.8361000000000001,1.8361000000000001,1.4162069189320388
INSERT_10,right_fr3_joint3,-0.96117136866904684,-2.9007000000000001,2.9007000000000001,1.9395286313309532
INSERT_10,right_fr3_joint4,-2.583696678186989,-3.077,-0.1169,0.49330332181301095
INSERT_10,right_fr3_joint5,-0.45600086517371469,-2.8763000000000001,2.8763000000000001,2.4202991348262852
INSERT_10,right_fr3_joint6,2.2798386383532878,0.43980000000000002,4.6215999999999999,1.8400386383532878
INSERT_10,right_fr3_joint7,-0.81023939655587507,-3.0508000000000002,3.0508000000000002,2.2405606034441252
INSERT_30,left_fr3_joint1,0.34379748883694183,-2.9007000000000001,2.9007000000000001,2.5569025111630581
INSERT_30,left_fr3_joint2,-0.20920133849235759,-1.8361000000000001,1.8361000000000001,1.6268986615076424
INSERT_30,left_fr3_joint3,0.68383425174577694,-2.9007000000000001,2.9007000000000001,2.2168657482542233
INSERT_30,left_fr3_joint4,-2.5102839808977078,-3.077,-0.1169,0.56671601910229219
INSERT_30,left_fr3_joint5,0.18341966623944708,-2.8763000000000001,2.8763000000000001,2.6928803337605531
INSERT_30,left_fr3_joint6,2.3387194994404799,0.43980000000000002,4.6215999999999999,1.8989194994404799
INSERT_30,left_fr3_joint7,0.88870786456542405,-3.0508000000000002,3.0508000000000002,2.1620921354345759
INSERT_30,right_fr3_joint1,-0.057477473583762879,-2.9007000000000001,2.9007000000000001,2.8432225264162372
INSERT_30,right_fr3_joint2,-0.28322165755872036,-1.8361000000000001,1.8361000000000001,1.5528783424412798
INSERT_30,right_fr3_joint3,-0.96964191963385027,-2.9007000000000001,2.9007000000000001,1.9310580803661499
INSERT_30,right_fr3_joint4,-2.5038338595595251,-3.077,-0.1169,0.57316614044047487
INSERT_30,right_fr3_joint5,-0.31861808292623739,-2.8763000000000001,2.8763000000000001,2.5576819170737628
INSERT_30,right_fr3_joint6,2.3149074608552693,0.43980000000000002,4.6215999999999999,1.8751074608552694
INSERT_30,right_fr3_joint7,-0.78821363236604758,-3.0508000000000002,3.0508000000000002,2.2625863676339524
INSERT_50,left_fr3_joint1,0.26929133190953503,-2.9007000000000001,2.9007000000000001,2.6314086680904651
INSERT_50,left_fr3_joint2,-0.079663058773654052,-1.8361000000000001,1.8361000000000001,1.7564369412263461
INSERT_50,left_fr3_joint3,0.64502894263605626,-2.9007000000000001,2.9007000000000001,2.2556710573639438
INSERT_50,left_fr3_joint4,-2.399683591447646,-3.077,-0.1169,0.67731640855235398
INSERT_50,left_fr3_joint5,0.066314351370221042,-2.8763000000000001,2.8763000000000001,2.809985648629779
INSERT_50,left_fr3_joint6,2.3348792737108877,0.43980000000000002,4.6215999999999999,1.8950792737108877
INSERT_50,left_fr3_joint7,0.86687859445398341,-3.0508000000000002,3.0508000000000002,2.183921405546017
INSERT_50,right_fr3_joint1,0.063434086717916782,-2.9007000000000001,2.9007000000000001,2.8372659132820832
INSERT_50,right_fr3_joint2,-0.1132850225176172,-1.8361000000000001,1.8361000000000001,1.7228149774823829
INSERT_50,right_fr3_joint3,-0.97624967953905484,-2.9007000000000001,2.9007000000000001,1.9244503204609451
INSERT_50,right_fr3_joint4,-2.398492086628313,-3.077,-0.1169,0.67850791337168692
INSERT_50,right_fr3_joint5,-0.12953874887049022,-2.8763000000000001,2.8763000000000001,2.7467612511295099
INSERT_50,right_fr3_joint6,2.3306486337499774,0.43980000000000002,4.6215999999999999,1.8908486337499775
INSERT_50,right_fr3_joint7,-0.82033726765124682,-3.0508000000000002,3.0508000000000002,2.2304627323487534
INSERT_70,left_fr3_joint1,0.22497692429044541,-2.9007000000000001,2.9007000000000001,2.6757230757095547
INSERT_70,left_fr3_joint2,0.056014740813451903,-1.8361000000000001,1.8361000000000001,1.7800852591865481
INSERT_70,left_fr3_joint3,0.59961222387021806,-2.9007000000000001,2.9007000000000001,2.3010877761297821
INSERT_70,left_fr3_joint4,-2.2639124371966886,-3.077,-0.1169,0.8130875628033114
INSERT_70,left_fr3_joint5,-0.042752177168210975,-2.8763000000000001,2.8763000000000001,2.8335478228317892
INSERT_70,left_fr3_joint6,2.3097188426994348,0.43980000000000002,4.6215999999999999,1.8699188426994349
INSERT_70,left_fr3_joint7,0.85266107724523144,-3.0508000000000002,3.0508000000000002,2.1981389227547687
INSERT_70,right_fr3_joint1,0.099610243383626715,-2.9007000000000001,2.9007000000000001,2.8010897566163733
INSERT_70,right_fr3_joint2,0.076980416547716146,-1.8361000000000001,1.8361000000000001,1.7591195834522839
INSERT_70,right_fr3_joint3,-0.92686187694331179,-2.9007000000000001,2.9007000000000001,1.9738381230566882
INSERT_70,right_fr3_joint4,-2.2634233891718143,-3.077,-0.1169,0.81357661082818566
INSERT_70,right_fr3_joint5,0.083166320213720973,-2.8763000000000001,2.8763000000000001,2.7931336797862789
INSERT_70,right_fr3_joint6,2.3079753334107713,0.43980000000000002,4.6215999999999999,1.8681753334107714
INSERT_70,right_fr3_joint7,-0.88180253721604029,-3.0508000000000002,3.0508000000000002,2.1689974627839597
INSERT_100,left_fr3_joint1,0.2060643632556026,-2.9007000000000001,2.9007000000000001,2.6946356367443975
INSERT_100,left_fr3_joint2,0.26265463194857447,-1.8361000000000001,1.8361000000000001,1.5734453680514255
INSERT_100,left_fr3_joint3,0.52538736513140494,-2.9007000000000001,2.9007000000000001,2.3753126348685951
INSERT_100,left_fr3_joint4,-2.0131667085028151,-3.077,-0.1169,1.0638332914971849
INSERT_100,left_fr3_joint5,-0.1661422334891122,-2.8763000000000001,2.8763000000000001,2.7101577665108878
INSERT_100,left_fr3_joint6,2.2349681427771229,0.43980000000000002,4.6215999999999999,1.7951681427771229
INSERT_100,left_fr3_joint7,0.8194408512093444,-3.0508000000000002,3.0508000000000002,2.2313591487906557
INSERT_100,right_fr3_joint1,0.045535197279544373,-2.9007000000000001,2.9007000000000001,2.8551648027204557
INSERT_100,right_fr3_joint2,0.32051041923287693,-1.8361000000000001,1.8361000000000001,1.5155895807671231
INSERT_100,right_fr3_joint3,-0.79675521184477971,-2.9007000000000001,2.9007000000000001,2.1039447881552205
INSERT_100,right_fr3_joint4,-2.0081659372555705,-3.077,-0.1169,1.0688340627444295
INSERT_100,right_fr3_joint5,0.28588548592381668,-2.8763000000000001,2.8763000000000001,2.5904145140761834
INSERT_100,right_fr3_joint6,2.2161595865714276,0.43980000000000002,4.6215999999999999,1.7763595865714277
INSERT_100,right_fr3_joint7,-0.90008095569577462,-3.0508000000000002,3.0508000000000002,2.1507190443042257
